{
    "ExpDecay": [
        0.6364086465588307,
        0.23412165725273656,
        0.08612854443626869,
        0.03168492079612426,
        0.011656230956039605
    ],
    "Gauss": [
        0.952269548691949,
        0.047410709125361,
        0.00031945084527574023,
        2.9130146468809366e-7,
        3.594945668732038e-11
    ],
    "Survival": [
        0.4867333370510994,
        0.40734397418003393,
        0.0918151988070425,
        0.012425835935977002,
        0.0016816540258471277
    ],
    "Logistic": [
        0.47469852019639003,
        0.36431015254441085,
        0.13402221533112074,
        0.023633847679141513,
        0.003335264248936813
    ],
    "Logit": [
        0.25364793041447,
        0.2231049060186648,
        0.19999999999999998,
        0.17689509398133513,
        0.14635206958553
    ],
    "Constant": [
        0.2,
        0.2,
        0.2,
        0.2,
        0.2
    ],
    "Linear": [
        0.3333333333333333,
        0.26666666666666666,
        0.2,
        0.13333333333333333,
        0.06666666666666667
    ],
    "Worthiness": [
        1000000,
        100000,
        10000,
        1000,
        100,
        10,
        1
    ]
}